epoch,transe,transm
1,1.64049,2.49489
2,1.88345,2.44235
3,1.94967,2.12420
4,1.21020,1.69515
5,1.43488,1.62374
6,1.84990,1.68344
7,1.63074,1.51626
8,1.39044,1.44721
9,1.45373,1.34820
10,1.07581,1.58971
11,1.44019,1.13006
12,1.28544,1.37184
13,1.50245,1.54264
14,1.32581,1.01573
15,1.15375,1.40208
16,1.06955,1.71784
17,1.25191,1.30282
18,1.39536,1.20000
19,1.01468,1.34145
20,1.18074,1.48953
