epoch,transe,transm
1,0.33872,0.3423
2,0.26430,0.2661
3,0.22618,0.2331
4,0.20800,0.2059
5,0.19204,0.1912
6,0.17221,0.1770
7,0.16851,0.1661
8,0.15833,0.1572
9,0.14891,0.1503
10,0.1441,0.1418
11,0.1384,0.1368
12,0.1340,0.1331
13,0.1313,0.1275
14,0.1274,0.1213
15,0.1236,0.1199
16,0.1186,0.1178
17,0.1155,0.1176
18,0.1148,0.1143
19,0.1096,0.1112
20,0.1070,0.1097
