model,precision,precision_feedback
transm,0.3218318033132848,0.40013377926421406
transe,0.32047900400928464,0.396325693391599
transe_dp,0.008,0.009
transe_dp,0.009,0.009
